﻿<?xml version="1.0"?>
<doc>
<assembly>
<name>
WhatBotPlus
</name>
</assembly>
<members>
<member name="T:BusinessWhatsappSender.My.Resources.Resources">
<summary>
  Classe di risorse fortemente tipizzata per la ricerca di stringhe localizzate e così via.
</summary>
</member>
<member name="P:BusinessWhatsappSender.My.Resources.Resources.ResourceManager">
<summary>
  Restituisce l'istanza di ResourceManager nella cache utilizzata da questa classe.
</summary>
</member>
<member name="P:BusinessWhatsappSender.My.Resources.Resources.Culture">
<summary>
  Esegue l'override della proprietà CurrentUICulture del thread corrente per tutte le
  ricerche di risorse eseguite utilizzando questa classe di risorse fortemente tipizzata.
</summary>
</member>
<member name="P:BusinessWhatsappSender.My.Resources.Resources._imports">
<summary>
  Cerca una risorsa localizzata di tipo System.Drawing.Bitmap.
</summary>
</member>
<member name="P:BusinessWhatsappSender.My.Resources.Resources.addmsg">
<summary>
  Cerca una risorsa localizzata di tipo System.Drawing.Bitmap.
</summary>
</member>
<member name="P:BusinessWhatsappSender.My.Resources.Resources.appicon">
<summary>
  Cerca una risorsa localizzata di tipo System.Drawing.Bitmap.
</summary>
</member>
<member name="P:BusinessWhatsappSender.My.Resources.Resources.attachment">
<summary>
  Cerca una risorsa localizzata di tipo System.Drawing.Bitmap.
</summary>
</member>
<member name="P:BusinessWhatsappSender.My.Resources.Resources.clear">
<summary>
  Cerca una risorsa localizzata di tipo System.Drawing.Bitmap.
</summary>
</member>
<member name="P:BusinessWhatsappSender.My.Resources.Resources.clearicon">
<summary>
  Cerca una risorsa localizzata di tipo System.Drawing.Bitmap.
</summary>
</member>
<member name="P:BusinessWhatsappSender.My.Resources.Resources.deletemsg">
<summary>
  Cerca una risorsa localizzata di tipo System.Drawing.Bitmap.
</summary>
</member>
<member name="P:BusinessWhatsappSender.My.Resources.Resources.Ellipsis_1s_200px__1_">
<summary>
  Cerca una risorsa localizzata di tipo System.Drawing.Bitmap.
</summary>
</member>
<member name="P:BusinessWhatsappSender.My.Resources.Resources.Ellipsis_1s_41px">
<summary>
  Cerca una risorsa localizzata di tipo System.Drawing.Bitmap.
</summary>
</member>
<member name="P:BusinessWhatsappSender.My.Resources.Resources.Ellipsis_1s_41px__1_">
<summary>
  Cerca una risorsa localizzata di tipo System.Drawing.Bitmap.
</summary>
</member>
<member name="P:BusinessWhatsappSender.My.Resources.Resources.export">
<summary>
  Cerca una risorsa localizzata di tipo System.Drawing.Bitmap.
</summary>
</member>
<member name="P:BusinessWhatsappSender.My.Resources.Resources.help">
<summary>
  Cerca una risorsa localizzata di tipo System.Drawing.Bitmap.
</summary>
</member>
<member name="P:BusinessWhatsappSender.My.Resources.Resources.imoji">
<summary>
  Cerca una risorsa localizzata di tipo System.Drawing.Bitmap.
</summary>
</member>
<member name="P:BusinessWhatsappSender.My.Resources.Resources.logicon">
<summary>
  Cerca una risorsa localizzata di tipo System.Drawing.Bitmap.
</summary>
</member>
<member name="P:BusinessWhatsappSender.My.Resources.Resources.menu">
<summary>
  Cerca una risorsa localizzata di tipo System.Drawing.Bitmap.
</summary>
</member>
<member name="P:BusinessWhatsappSender.My.Resources.Resources.profile">
<summary>
  Cerca una risorsa localizzata di tipo System.Drawing.Bitmap.
</summary>
</member>
<member name="P:BusinessWhatsappSender.My.Resources.Resources.receivedmsg">
<summary>
  Cerca una risorsa localizzata di tipo System.Drawing.Bitmap.
</summary>
</member>
<member name="P:BusinessWhatsappSender.My.Resources.Resources.Report">
<summary>
  Cerca una stringa localizzata simile a &lt;!DOCTYPE html&gt;
&lt;html xmlns:msxsl=&quot;urn:schemas-microsoft-com:xslt&quot;&gt;
   &lt;head&gt;
      &lt;meta http-equiv=&quot;Content-Type&quot; content=&quot;text/html; charset=UTF-16LE&quot;&gt;
      &lt;meta content=&quot;en-us&quot; http-equiv=&quot;Content-Language&quot;&gt;
      &lt;title _locid=&quot;ConversionReport0&quot;&gt;
         Bulk WhatsApp Sender - Report
      &lt;/title&gt;
      &lt;style&gt; 
         /* Body style, for the entire document */
		 
		 #maincontent
		 {
			width:95%;
			 margin: 0 auto;
			 background-color:White;
		 }
		 
         body
         [stringa troncata]&quot;;.
</summary>
</member>
<member name="P:BusinessWhatsappSender.My.Resources.Resources.schedule">
<summary>
  Cerca una risorsa localizzata di tipo System.Drawing.Bitmap.
</summary>
</member>
<member name="P:BusinessWhatsappSender.My.Resources.Resources.sendinganimatedgif">
<summary>
  Cerca una risorsa localizzata di tipo System.Drawing.Bitmap.
</summary>
</member>
<member name="P:BusinessWhatsappSender.My.Resources.Resources.wa">
<summary>
  Cerca una risorsa localizzata di tipo System.Drawing.Bitmap.
</summary>
</member>
<member name="F:BusinessWhatsappSender.ModuleConfig.LicenseMode">
 <summary>
 Make license mode True if you are reseller user 
 </summary>
</member>
</members>
</doc>
